{
    "d": 159797,
    "DRelative": 0.3902170409369292,
    "SRelative": 0.6097829590630708,
    "total": 409508,
    "s": 249711
}