{
    "d": 97224,
    "DRelative": 0.40490598255002813,
    "SRelative": 0.5950940174499719,
    "total": 240115,
    "s": 142891
}