{
    "d": 45566,
    "DRelative": 0.325290195462528,
    "SRelative": 0.674709804537472,
    "total": 140078,
    "s": 94512
}