{
    "privateField": {
        "d": 0,
        "DRelative": 0,
        "SRelative": 0,
        "total": 0,
        "s": 0
    },
    "protectedConstructorParameter": {
        "d": 0,
        "DRelative": 0.0,
        "SRelative": 1.0,
        "total": 48,
        "s": 48
    },
    "protectedMethodParameter": {
        "d": 316,
        "DRelative": 0.20816864295125165,
        "SRelative": 0.7918313570487484,
        "total": 1518,
        "s": 1202
    },
    "privateMethodParameter": {
        "d": 1166,
        "DRelative": 0.32826576576576577,
        "SRelative": 0.6717342342342343,
        "total": 3552,
        "s": 2386
    },
    "privateConstructorParameter": {
        "d": 0,
        "DRelative": 0.0,
        "SRelative": 1.0,
        "total": 3,
        "s": 3
    },
    "pureTypeSystemPrivateMethods": {
        "d": 341,
        "DRelative": 0.25353159851301116,
        "SRelative": 0.7464684014869889,
        "total": 1345,
        "s": 1004
    },
    "privateMethodReturn": {
        "d": 873,
        "DRelative": 0.3228550295857988,
        "SRelative": 0.6771449704142012,
        "total": 2704,
        "s": 1831
    },
    "location": "",
    "localVariable": {
        "d": 94960,
        "DRelative": 0.7079804365978767,
        "SRelative": 0.29201956340212337,
        "total": 134128,
        "s": 39168
    },
    "pureTypeSystemProtectedConstructors": {
        "d": 0,
        "DRelative": 0.0,
        "SRelative": 1.0,
        "total": 26,
        "s": 26
    },
    "isScript": false,
    "publicField": {
        "d": 0,
        "DRelative": 0,
        "SRelative": 0,
        "total": 0,
        "s": 0
    },
    "pureTypeSystemProtectedMethods": {
        "d": 50,
        "DRelative": 0.08818342151675485,
        "SRelative": 0.9118165784832452,
        "total": 567,
        "s": 517
    },
    "numberOfPublicConstructors": 64731,
    "className": "",
    "pureTypeSystemPrivateConstructors": {
        "d": 0,
        "DRelative": 0.0,
        "SRelative": 1.0,
        "total": 3,
        "s": 3
    },
    "protectedMethodReturn": {
        "d": 218,
        "DRelative": 0.014515914236249833,
        "SRelative": 0.9854840857637501,
        "total": 15018,
        "s": 14800
    },
    "publicMethodParameter": {
        "d": 11430,
        "DRelative": 0.17621213289138982,
        "SRelative": 0.8237878671086102,
        "total": 64865,
        "s": 53435
    },
    "pureTypeSystemPublicMethods": {
        "d": 5690,
        "DRelative": 0.12083244850286685,
        "SRelative": 0.8791675514971331,
        "total": 47090,
        "s": 41400
    },
    "publicConstructorParameter": {
        "d": 443,
        "DRelative": 0.013115045295754633,
        "SRelative": 0.9868849547042454,
        "total": 33778,
        "s": 33335
    },
    "publicMethodReturn": {
        "d": 50391,
        "DRelative": 0.32743966626379195,
        "SRelative": 0.672560333736208,
        "total": 153894,
        "s": 103503
    },
    "protectedField": {
        "d": 0,
        "DRelative": 0,
        "SRelative": 0,
        "total": 0,
        "s": 0
    },
    "numberOfPrivateConstructors": 62,
    "pureTypeSystemPublicConstructors": {
        "d": 221,
        "DRelative": 0.006738626661788023,
        "SRelative": 0.993261373338212,
        "total": 32796,
        "s": 32575
    },
    "numberOfProtectedConstructors": 28
}