{
    "d": 62573,
    "DRelative": 0.3693954295632051,
    "SRelative": 0.6306045704367949,
    "total": 169393,
    "s": 106820
}