{
    "d": {
        "d": 24748,
        "DRelative": 0.40416775542200156,
        "SRelative": 0.5958322445779984,
        "total": 61232,
        "s": 36484
    },
    "s": {
        "d": 15816,
        "DRelative": 0.2873024523160763,
        "SRelative": 0.7126975476839237,
        "total": 55050,
        "s": 39234
    },
    "ds": {
        "d": 83584,
        "DRelative": 0.4028901817691036,
        "SRelative": 0.5971098182308964,
        "total": 207461,
        "s": 123877
    }
}