{
    "java": {
        "d": 90988,
        "DRelative": 0.37688207005960495,
        "SRelative": 0.623117929940395,
        "total": 241423,
        "s": 150435
    },
    "nojava": {
        "d": 33160,
        "DRelative": 0.40281827016520894,
        "SRelative": 0.597181729834791,
        "total": 82320,
        "s": 49160
    }
}